{"learning_rate":0.0003874204890000001,"_wandb":{"runtime":1},"_runtime":1.353961986,"_timestamp":1.7610391714750373e+09,"_step":9,"loss":0.759646571784316,"accuracy":0.8306756896763178}